{"cameraMode":{"drawMode":0,"name":"Shaded","section":"Shading Mode"},"sceneLighting":false,"audioPlay":false,"sceneViewState":{"showFog":true,"showMaterialUpdate":false,"showSkybox":false,"showFlares":true,"showImageEffects":true,"showParticleSystems":true},"in2DMode":false,"pivot":{"x":-0.0015006065368652344,"y":2.5782470703125,"z":-0.015000343322753907},"rotation":{"x":-0.0020951046608388426,"y":0.9785373210906982,"z":-0.20581720769405366,"w":-0.009981107898056507},"size":24.864299774169923,"orthographic":false}